Time (Kya),Time,d18O,Error
0,0,3.23,0.03
1,1000,3.23,0.04
2,2000,3.18,0.03
3,3000,3.29,0.03
4,4000,3.3,0.03
5,5000,3.26,0.03
6,6000,3.33,0.04
7,7000,3.37,0.04
8,8000,3.42,0.03
9,9000,3.38,0.04
10,10000,3.52,0.04
11,11000,3.6,0.04
12,12000,3.92,0.05
13,13000,4.06,0.04
14,14000,4.28,0.03
15,15000,4.49,0.04
16,16000,4.75,0.03
17,17000,4.88,0.04
18,18000,5.02,0.03
19,19000,4.96,0.03
20,20000,4.99,0.04
21,21000,4.91,0.03
22,22000,4.88,0.03
23,23000,4.86,0.03
24,24000,4.81,0.04
25,25000,4.82,0.02
26,26000,4.67,0.04
27,27000,4.75,0.04
28,28000,4.75,0.03
29,29000,4.73,0.03
30,30000,4.62,0.04
31,31000,4.62,0.03
32,32000,4.6,0.03
33,33000,4.58,0.03
34,34000,4.59,0.03
35,35000,4.54,0.02
36,36000,4.45,0.03
37,37000,4.46,0.03
38,38000,4.41,0.03
39,39000,4.55,0.03
40,40000,4.55,0.03
41,41000,4.51,0.05
42,42000,4.5,0.03
43,43000,4.46,0.04
44,44000,4.48,0.03
45,45000,4.33,0.04
46,46000,4.36,0.05
47,47000,4.38,0.04
48,48000,4.45,0.04
49,49000,4.46,0.03
50,50000,4.34,0.04
51,51000,4.33,0.05
52,52000,4.31,0.04
53,53000,4.44,0.03
54,54000,4.38,0.04
55,55000,4.31,0.03
56,56000,4.35,0.04
57,57000,4.43,0.04
58,58000,4.49,0.06
59,59000,4.43,0.04
60,60000,4.6,0.04
61,61000,4.51,0.05
62,62000,4.6,0.04
63,63000,4.53,0.04
64,64000,4.36,0.06
65,65000,4.48,0.05
66,66000,4.57,0.04
67,67000,4.44,0.05
68,68000,4.42,0.06
69,69000,4.47,0.05
70,70000,4.32,0.04
71,71000,4.22,0.05
72,72000,4.21,0.04
73,73000,4.23,0.04
74,74000,4.03,0.04
75,75000,3.95,0.04
76,76000,4.06,0.04
77,77000,4.08,0.05
78,78000,4.05,0.03
79,79000,4.05,0.05
80,80000,3.9,0.04
81,81000,3.82,0.04
82,82000,3.8,0.04
83,83000,3.83,0.04
84,84000,3.82,0.04
85,85000,3.95,0.06
86,86000,4.06,0.05
87,87000,4.18,0.05
88,88000,4.11,0.05
89,89000,4.08,0.04
90,90000,4.06,0.05
91,91000,4.03,0.04
92,92000,3.98,0.04
93,93000,3.9,0.03
94,94000,3.84,0.04
95,95000,3.77,0.05
96,96000,3.75,0.03
97,97000,3.83,0.04
98,98000,3.9,0.04
99,99000,3.78,0.06
100,100000,3.81,0.06
101,101000,3.92,0.05
102,102000,3.86,0.05
103,103000,3.88,0.04
104,104000,3.92,0.05
105,105000,3.85,0.06
106,106000,4,0.04
107,107000,4.04,0.05
108,108000,4.11,0.04
109,109000,4.12,0.05
110,110000,4.04,0.05
111,111000,4.02,0.05
112,112000,4.03,0.04
113,113000,3.93,0.05
114,114000,3.81,0.05
115,115000,3.71,0.04
116,116000,3.58,0.04
117,117000,3.54,0.05
118,118000,3.44,0.06
119,119000,3.3,0.03
120,120000,3.27,0.04
121,121000,3.26,0.04
122,122000,3.18,0.03
123,123000,3.1,0.05
124,124000,3.27,0.04
125,125000,3.14,0.06
126,126000,3.16,0.04
127,127000,3.37,0.05
128,128000,3.71,0.07
129,129000,3.9,0.08
130,130000,3.67,0.09
131,131000,3.81,0.09
132,132000,4.2,0.06
133,133000,4.41,0.05
134,134000,4.7,0.05
135,135000,4.86,0.04
136,136000,4.82,0.05
137,137000,4.8,0.05
138,138000,4.89,0.04
139,139000,4.87,0.05
140,140000,4.98,0.05
141,141000,4.81,0.05
142,142000,4.75,0.06
143,143000,4.78,0.05
144,144000,4.82,0.05
145,145000,4.74,0.05
146,146000,4.77,0.05
147,147000,4.82,0.05
148,148000,4.71,0.05
149,149000,4.75,0.04
150,150000,4.75,0.06
151,151000,4.66,0.06
152,152000,4.64,0.05
153,153000,4.62,0.04
154,154000,4.66,0.04
155,155000,4.51,0.04
156,156000,4.78,0.04
157,157000,4.74,0.04
158,158000,4.69,0.03
159,159000,4.66,0.05
160,160000,4.69,0.05
161,161000,4.65,0.04
162,162000,4.66,0.05
163,163000,4.7,0.06
164,164000,4.68,0.05
165,165000,4.68,0.05
166,166000,4.48,0.04
167,167000,4.41,0.06
168,168000,4.48,0.04
169,169000,4.5,0.04
170,170000,4.5,0.03
171,171000,4.53,0.04
172,172000,4.46,0.03
173,173000,4.38,0.03
174,174000,4.28,0.04
175,175000,4.32,0.05
176,176000,4.39,0.04
177,177000,4.46,0.04
178,178000,4.44,0.03
179,179000,4.48,0.05
180,180000,4.39,0.06
181,181000,4.46,0.03
182,182000,4.48,0.05
183,183000,4.37,0.04
184,184000,4.4,0.06
185,185000,4.59,0.06
186,186000,4.47,0.04
187,187000,4.4,0.05
188,188000,4.46,0.05
189,189000,4.39,0.04
190,190000,4.28,0.05
191,191000,4.13,0.05
192,192000,3.76,0.05
193,193000,3.92,0.05
194,194000,3.84,0.07
195,195000,3.91,0.05
196,196000,3.82,0.04
197,197000,3.74,0.06
198,198000,3.82,0.04
199,199000,3.57,0.05
200,200000,3.53,0.07
201,201000,3.53,0.03
202,202000,3.63,0.06
203,203000,3.61,0.07
204,204000,3.78,0.05
205,205000,3.82,0.06
206,206000,3.77,0.07
207,207000,3.78,0.08
208,208000,3.71,0.07
209,209000,3.64,0.06
210,210000,3.57,0.07
211,211000,3.6,0.06
212,212000,3.61,0.06
213,213000,3.65,0.06
214,214000,3.56,0.07
215,215000,3.54,0.05
216,216000,3.53,0.04
217,217000,3.48,0.09
218,218000,3.72,0.05
219,219000,3.94,0.05
220,220000,3.98,0.06
221,221000,4.23,0.06
222,222000,4.38,0.09
223,223000,4.44,0.07
224,224000,4.39,0.07
225,225000,4.28,0.06
226,226000,4.29,0.05
227,227000,4.19,0.05
228,228000,4.19,0.12
229,229000,4.02,0.08
230,230000,4.3,0.06
231,231000,4.22,0.07
232,232000,4.17,0.07
233,233000,3.97,0.06
234,234000,3.84,0.05
235,235000,3.71,0.06
236,236000,3.66,0.05
237,237000,3.47,0.04
238,238000,3.51,0.06
239,239000,3.44,0.04
240,240000,3.44,0.06
241,241000,3.54,0.08
242,242000,3.68,0.06
243,243000,3.78,0.08
244,244000,4.05,0.06
245,245000,4.17,0.06
246,246000,4.38,0.05
247,247000,4.31,0.04
248,248000,4.38,0.07
249,249000,4.36,0.05
250,250000,4.5,0.05
251,251000,4.58,0.04
252,252000,4.63,0.04
253,253000,4.52,0.06
254,254000,4.57,0.04
255,255000,4.37,0.05
256,256000,4.43,0.06
257,257000,4.55,0.05
258,258000,4.51,0.05
259,259000,4.52,0.04
260,260000,4.46,0.06
261,261000,4.52,0.03
262,262000,4.45,0.05
263,263000,4.46,0.05
264,264000,4.42,0.04
265,265000,4.44,0.05
266,266000,4.5,0.05
267,267000,4.5,0.05
268,268000,4.33,0.06
269,269000,4.52,0.06
270,270000,4.51,0.06
271,271000,4.5,0.05
272,272000,4.44,0.06
273,273000,4.44,0.03
274,274000,4.38,0.04
275,275000,4.38,0.05
276,276000,4.3,0.06
277,277000,4.44,0.05
278,278000,4.31,0.05
279,279000,4.23,0.07
280,280000,4.14,0.05
281,281000,4.21,0.04
282,282000,3.98,0.05
283,283000,3.87,0.06
284,284000,3.86,0.04
285,285000,3.84,0.04
286,286000,3.82,0.05
287,287000,3.89,0.04
288,288000,4.02,0.06
289,289000,4.06,0.05
290,290000,4.1,0.06
291,291000,4.11,0.04
292,292000,4.27,0.07
293,293000,4.22,0.06
294,294000,4.33,0.05
295,295000,4.31,0.03
296,296000,4.23,0.04
297,297000,4.3,0.06
298,298000,4.17,0.04
299,299000,4.23,0.04
300,300000,4.02,0.07
301,301000,4.06,0.07
302,302000,4.06,0.07
303,303000,4,0.06
304,304000,4.07,0.04
305,305000,4.07,0.07
306,306000,4.05,0.06
307,307000,4,0.04
308,308000,3.85,0.04
309,309000,3.86,0.06
310,310000,3.8,0.06
311,311000,3.7,0.04
312,312000,3.79,0.05
313,313000,3.69,0.06
314,314000,3.77,0.06
315,315000,3.62,0.06
316,316000,3.69,0.07
317,317000,3.89,0.05
318,318000,3.76,0.04
319,319000,3.58,0.05
320,320000,3.66,0.05
321,321000,3.53,0.05
322,322000,3.53,0.05
323,323000,3.47,0.05
324,324000,3.21,0.05
325,325000,3.31,0.04
326,326000,3.23,0.04
327,327000,3.22,0.04
328,328000,3.23,0.05
329,329000,3.19,0.04
330,330000,3.3,0.04
331,331000,3.29,0.06
332,332000,3.39,0.08
333,333000,3.38,0.07
334,334000,3.51,0.08
335,335000,3.75,0.08
336,336000,4.08,0.08
337,337000,4.23,0.08
338,338000,4.17,0.07
339,339000,4.42,0.07
340,340000,4.6,0.06
341,341000,4.84,0.06
342,342000,4.83,0.05
343,343000,4.8,0.07
344,344000,4.76,0.07
345,345000,4.79,0.05
346,346000,4.68,0.06
347,347000,4.53,0.07
348,348000,4.49,0.1
349,349000,4.62,0.04
350,350000,4.67,0.05
351,351000,4.64,0.05
352,352000,4.47,0.09
353,353000,4.47,0.05
354,354000,4.4,0.06
355,355000,4.59,0.04
356,356000,4.46,0.07
357,357000,4.55,0.07
358,358000,4.58,0.04
359,359000,4.49,0.08
360,360000,4.54,0.04
361,361000,4.5,0.06
362,362000,4.5,0.04
363,363000,4.53,0.05
364,364000,4.36,0.04
365,365000,4.46,0.05
366,366000,4.32,0.06
367,367000,4.37,0.04
368,368000,4.4,0.05
369,369000,4.38,0.04
370,370000,4.36,0.05
371,371000,4.27,0.05
372,372000,4.42,0.04
373,373000,4.29,0.07
374,374000,4.34,0.06
375,375000,4.2,0.05
376,376000,4.21,0.05
377,377000,4.2,0.04
378,378000,4.19,0.03
379,379000,4.17,0.05
380,380000,4.19,0.05
381,381000,4.15,0.03
382,382000,4.05,0.06
383,383000,4.12,0.03
384,384000,4.08,0.05
385,385000,4.14,0.03
386,386000,4.02,0.07
387,387000,3.99,0.04
388,388000,3.92,0.04
389,389000,3.89,0.04
390,390000,3.96,0.06
391,391000,4,0.05
392,392000,3.97,0.03
393,393000,3.86,0.05
394,394000,3.92,0.05
395,395000,3.76,0.05
396,396000,3.72,0.04
397,397000,3.47,0.09
398,398000,3.54,0.04
399,399000,3.48,0.06
400,400000,3.32,0.04
401,401000,3.2,0.05
402,402000,3.17,0.05
403,403000,3.15,0.04
404,404000,3.2,0.05
405,405000,3.11,0.04
406,406000,3.19,0.04
407,407000,3.21,0.05
408,408000,3.17,0.06
409,409000,3.22,0.06
410,410000,3.15,0.06
411,411000,3.29,0.05
412,412000,3.31,0.04
413,413000,3.38,0.03
414,414000,3.41,0.04
415,415000,3.41,0.05
416,416000,3.51,0.06
417,417000,3.57,0.05
418,418000,3.75,0.05
419,419000,3.81,0.03
420,420000,3.77,0.06
421,421000,3.85,0.07
422,422000,3.94,0.05
423,423000,4.02,0.07
424,424000,3.92,0.07
425,425000,4.3,0.14
426,426000,4.5,0.07
427,427000,4.3,0.1
428,428000,4.72,0.06
429,429000,4.91,0.07
430,430000,4.98,0.07
431,431000,5.05,0.05
432,432000,5.05,0.08
433,433000,5.08,0.05
434,434000,5.08,0.05
435,435000,5.02,0.1
436,436000,5.07,0.04
437,437000,4.9,0.08
438,438000,4.79,0.1
439,439000,4.87,0.06
440,440000,4.76,0.09
441,441000,4.95,0.07
442,442000,4.96,0.05
443,443000,4.91,0.04
444,444000,4.82,0.07
445,445000,4.91,0.05
446,446000,4.82,0.05
447,447000,4.51,0.08
448,448000,4.77,0.06
449,449000,4.73,0.06
450,450000,4.75,0.06
451,451000,4.58,0.06
452,452000,4.73,0.05
453,453000,4.56,0.09
454,454000,4.6,0.04
455,455000,4.41,0.09
456,456000,4.62,0.05
457,457000,4.63,0.08
458,458000,4.55,0.05
459,459000,4.63,0.06
460,460000,4.56,0.07
461,461000,4.59,0.04
462,462000,4.61,0.05
463,463000,4.61,0.05
464,464000,4.44,0.05
465,465000,4.57,0.04
466,466000,4.46,0.03
467,467000,4.44,0.06
468,468000,4.38,0.04
469,469000,4.51,0.04
470,470000,4.33,0.05
471,471000,4.25,0.07
472,472000,4.32,0.05
473,473000,4.36,0.05
474,474000,4.39,0.06
475,475000,4.35,0.03
476,476000,4.3,0.05
477,477000,4.27,0.03
478,478000,4.22,0.04
479,479000,4.12,0.04
480,480000,4.12,0.04
481,481000,4.17,0.05
482,482000,4.01,0.03
483,483000,3.97,0.03
484,484000,3.79,0.05
485,485000,3.81,0.07
486,486000,3.76,0.05
487,487000,3.72,0.06
488,488000,3.67,0.04
489,489000,3.6,0.04
490,490000,3.54,0.06
491,491000,3.47,0.07
492,492000,3.63,0.05
493,493000,3.72,0.04
494,494000,3.83,0.07
495,495000,3.83,0.07
496,496000,3.83,0.05
497,497000,3.68,0.06
498,498000,3.82,0.04
499,499000,3.75,0.06
500,500000,3.84,0.04
501,501000,3.78,0.05
502,502000,3.75,0.06
503,503000,3.81,0.04
504,504000,3.91,0.05
505,505000,3.86,0.07
506,506000,4.01,0.04
507,507000,3.93,0.07
508,508000,4.16,0.09
509,509000,4.06,0.04
510,510000,4.14,0.05
511,511000,4.06,0.06
512,512000,4.22,0.07
513,513000,4.25,0.03
514,514000,4.1,0.05
515,515000,4.1,0.06
516,516000,4.01,0.05
517,517000,3.96,0.08
518,518000,4.07,0.06
519,519000,3.96,0.05
520,520000,3.95,0.05
521,521000,3.91,0.08
522,522000,3.88,0.04
523,523000,3.93,0.05
524,524000,3.83,0.06
525,525000,3.92,0.06
526,526000,3.97,0.09
527,527000,3.96,0.07
528,528000,3.92,0.08
529,529000,3.99,0.05
530,530000,3.97,0.08
531,531000,3.92,0.07
532,532000,4.01,0.07
533,533000,4.11,0.07
534,534000,4.27,0.06
535,535000,4.29,0.07
536,536000,4.55,0.06
537,537000,4.43,0.06
538,538000,4.54,0.05
539,539000,4.48,0.08
540,540000,4.53,0.06
541,541000,4.5,0.06
542,542000,4.45,0.05
543,543000,4.45,0.09
544,544000,4.46,0.08
545,545000,4.43,0.05
546,546000,4.51,0.07
547,547000,4.53,0.07
548,548000,4.55,0.04
549,549000,4.53,0.05
550,550000,4.5,0.06
551,551000,4.45,0.07
552,552000,4.52,0.06
553,553000,4.46,0.05
554,554000,4.29,0.08
555,555000,4.25,0.05
556,556000,4.39,0.06
557,557000,4.35,0.04
558,558000,4.25,0.05
559,559000,4.17,0.05
560,560000,4.14,0.03
561,561000,4.21,0.05
562,562000,4.14,0.08
563,563000,4.17,0.06
564,564000,4.01,0.05
565,565000,3.96,0.03
566,566000,3.86,0.06
567,567000,3.94,0.04
568,568000,4,0.04
569,569000,3.97,0.07
570,570000,3.91,0.04
571,571000,3.89,0.06
572,572000,3.59,0.05
573,573000,3.65,0.05
574,574000,3.73,0.07
575,575000,3.39,0.06
576,576000,3.46,0.05
577,577000,3.48,0.04
578,578000,3.5,0.07
579,579000,3.57,0.06
580,580000,3.69,0.05
581,581000,4,0.06
582,582000,4.13,0.14
583,583000,4.29,0.1
584,584000,4.31,0.1
585,585000,4.33,0.07
586,586000,4.18,0.08
587,587000,4.11,0.13
588,588000,4.19,0.04
589,589000,4.07,0.08
590,590000,4.09,0.05
591,591000,4.07,0.04
592,592000,4.02,0.08
593,593000,3.99,0.09
594,594000,3.9,0.06
595,595000,3.88,0.08
596,596000,3.89,0.08
597,597000,3.8,0.07
598,598000,3.99,0.05
599,599000,4.02,0.07
600,600000,4.07,0
602,602000,3.97,0.05
604,604000,3.77,0.06
606,606000,3.8,0.07
608,608000,3.8,0.05
610,610000,3.49,0.04
612,612000,3.52,0.06
614,614000,3.53,0.05
616,616000,3.66,0.05
618,618000,3.81,0.08
620,620000,4.09,0.09
622,622000,4.31,0.08
624,624000,4.63,0.07
626,626000,4.9,0.06
628,628000,5.01,0.07
630,630000,5.08,0.06
632,632000,5.05,0.05
634,634000,4.93,0.06
636,636000,5,0.04
638,638000,4.8,0.05
640,640000,5.01,0.06
642,642000,4.75,0.05
644,644000,4.68,0.08
646,646000,4.72,0.05
648,648000,4.75,0.05
650,650000,4.71,0.06
652,652000,4.79,0.05
654,654000,4.77,0.05
656,656000,4.57,0.05
658,658000,4.58,0.04
660,660000,4.64,0.05
662,662000,4.8,0.07
664,664000,4.58,0.04
666,666000,4.5,0.05
668,668000,4.65,0.04
670,670000,4.42,0.05
672,672000,4.52,0.06
674,674000,4.46,0.04
676,676000,4.4,0.05
678,678000,4.26,0.05
680,680000,4.14,0.06
682,682000,4.15,0.06
684,684000,4.03,0.07
686,686000,4.13,0.05
688,688000,3.95,0.06
690,690000,3.7,0.05
692,692000,3.71,0.06
694,694000,3.64,0.06
696,696000,3.5,0.04
698,698000,3.57,0.04
700,700000,3.65,0.05
702,702000,3.76,0.05
704,704000,3.84,0.05
706,706000,3.93,0.05
708,708000,4.03,0.07
710,710000,3.98,0.07
712,712000,4.06,0.09
714,714000,4.29,0.06
716,716000,4.61,0.08
718,718000,4.75,0.07
720,720000,4.66,0.09
722,722000,4.65,0.06
724,724000,4.44,0.06
726,726000,4.32,0.05
728,728000,4.16,0.05
730,730000,4.16,0.04
732,732000,4.02,0.07
734,734000,4.15,0.04
736,736000,4.19,0.06
738,738000,4.21,0.06
740,740000,4.11,0.08
742,742000,4.17,0.05
744,744000,4.48,0.06
746,746000,4.67,0.11
748,748000,4.59,0.06
750,750000,4.6,0.07
752,752000,4.48,0.05
754,754000,4.55,0.06
756,756000,4.59,0.06
758,758000,4.26,0.06
760,760000,4.33,0.05
762,762000,4.11,0.06
764,764000,4.28,0.06
766,766000,4.11,0.06
768,768000,4.07,0.05
770,770000,3.99,0.05
772,772000,3.87,0.05
774,774000,3.76,0.05
776,776000,3.64,0.05
778,778000,3.56,0.04
780,780000,3.48,0.05
782,782000,3.54,0.05
784,784000,3.55,0.07
786,786000,3.68,0.05
788,788000,3.7,0.1
790,790000,4.16,0.06
792,792000,4.27,0.06
794,794000,4.74,0.09
796,796000,4.67,0.07
798,798000,4.68,0.08
800,800000,4.68,0.07
802,802000,4.73,0.06
804,804000,4.55,0.07
806,806000,4.53,0.04
808,808000,4.49,0.06
810,810000,4.31,0.05
812,812000,4.38,0.06
814,814000,4.12,0.05
816,816000,4.08,0.08
818,818000,3.9,0.07
820,820000,3.96,0.06
822,822000,3.9,0.05
824,824000,3.92,0.08
826,826000,4.11,0.06
828,828000,3.95,0.06
830,830000,4.04,0.05
832,832000,4.07,0.05
834,834000,3.95,0.06
836,836000,3.82,0.04
838,838000,3.99,0.06
840,840000,4.02,0.07
842,842000,3.81,0.05
844,844000,3.67,0.05
846,846000,3.58,0.04
848,848000,3.63,0.07
850,850000,3.5,0.04
852,852000,3.65,0.05
854,854000,3.63,0.05
856,856000,3.46,0.05
858,858000,3.42,0.05
860,860000,3.45,0.07
862,862000,3.68,0.09
864,864000,3.58,0.06
866,866000,4.06,0.07
868,868000,4.32,0.06
870,870000,4.51,0.07
872,872000,4.67,0.06
874,874000,4.68,0.07
876,876000,4.69,0.08
878,878000,4.59,0.08
880,880000,4.68,0.04
882,882000,4.42,0.07
884,884000,4.47,0.05
886,886000,4.47,0.07
888,888000,4.45,0.04
890,890000,4.39,0.06
892,892000,4.32,0.07
894,894000,4.41,0.07
896,896000,4.4,0.05
898,898000,4.33,0.04
900,900000,4.29,0.05
902,902000,4.17,0.04
904,904000,4.14,0.06
906,906000,4.12,0.04
908,908000,3.99,0.06
910,910000,3.99,0.05
912,912000,4.09,0.04
914,914000,4.03,0.05
916,916000,4.06,0.06
918,918000,4.37,0.06
920,920000,4.51,0.06
922,922000,4.55,0.06
924,924000,4.43,0.06
926,926000,4.38,0.04
928,928000,4.26,0.05
930,930000,4.1,0.05
932,932000,4.07,0.05
934,934000,3.98,0.06
936,936000,4.02,0.05
938,938000,3.86,0.04
940,940000,3.89,0.04
942,942000,3.69,0.04
944,944000,3.57,0.04
946,946000,3.63,0.06
948,948000,3.48,0.05
950,950000,3.44,0.04
952,952000,3.3,0.04
954,954000,3.39,0.07
956,956000,3.33,0.05
958,958000,3.73,0.08
960,960000,4.16,0.08
962,962000,4.42,0.06
964,964000,4.58,0.08
966,966000,4.3,0.05
968,968000,4.21,0.06
970,970000,4.09,0.05
972,972000,3.98,0.06
974,974000,3.87,0.05
976,976000,3.77,0.06
978,978000,3.72,0.05
980,980000,3.76,0.06
982,982000,3.99,0.07
984,984000,4.15,0.06
986,986000,4.24,0.07
988,988000,4.21,0.07
990,990000,4.11,0.05
992,992000,4.06,0.06
994,994000,3.94,0.05
996,996000,3.84,0.06
998,998000,3.84,0.04
1000,1000000,3.94,0.06
1002,1002000,4.15,0.07
1004,1004000,4.28,0.08
1006,1006000,4.22,0.07
1008,1008000,4.22,0.05
1010,1010000,4.12,0.06
1012,1012000,4.13,0.07
1014,1014000,3.99,0.06
1016,1016000,3.73,0.05
1018,1018000,3.78,0.04
1020,1020000,3.83,0.05
1022,1022000,3.57,0.08
1024,1024000,3.64,0.05
1026,1026000,3.87,0.06
1028,1028000,3.84,0.06
1030,1030000,3.95,0.08
1032,1032000,4.08,0.04
1034,1034000,4.36,0.05
1036,1036000,4.33,0.07
1038,1038000,4.54,0.09
1040,1040000,4.33,0.08
1042,1042000,4.23,0.09
1044,1044000,4.38,0.06
1046,1046000,4.22,0.06
1048,1048000,4.29,0.07
1050,1050000,4.18,0.05
1052,1052000,4.27,0.06
1054,1054000,4.25,0.06
1056,1056000,4.12,0.06
1058,1058000,4.23,0.06
1060,1060000,4.08,0.04
1062,1062000,3.94,0.06
1064,1064000,3.66,0.07
1066,1066000,3.48,0.05
1068,1068000,3.33,0.05
1070,1070000,3.34,0.05
1072,1072000,3.21,0.08
1074,1074000,3.42,0.06
1076,1076000,3.48,0.06
1078,1078000,3.54,0.04
1080,1080000,3.61,0.04
1082,1082000,3.81,0.06
1084,1084000,3.7,0.07
1086,1086000,3.89,0.04
1088,1088000,3.91,0.05
1090,1090000,3.95,0.05
1092,1092000,4.01,0.04
1094,1094000,4,0.06
1096,1096000,4.03,0.04
1098,1098000,4.29,0.05
1100,1100000,4.08,0.07
1102,1102000,4.03,0.06
1104,1104000,3.93,0.06
1106,1106000,3.83,0.05
1108,1108000,3.67,0.06
1110,1110000,3.85,0.06
1112,1112000,3.84,0.05
1114,1114000,4.12,0.05
1116,1116000,4.14,0.05
1118,1118000,4.2,0.05
1120,1120000,4.09,0.08
1122,1122000,4.47,0.06
1124,1124000,4.34,0.09
1126,1126000,4.5,0.03
1128,1128000,4.38,0.06
1130,1130000,4.32,0.08
1132,1132000,4.05,0.07
1134,1134000,4.22,0.06
1136,1136000,4.24,0.05
1138,1138000,4.02,0.04
1140,1140000,4.02,0.06
1142,1142000,3.97,0.06
1144,1144000,3.99,0.05
1146,1146000,3.86,0.04
1148,1148000,4.02,0.06
1150,1150000,3.82,0.05
1152,1152000,3.75,0.05
1154,1154000,3.76,0.04
1156,1156000,3.79,0.04
1158,1158000,3.68,0.05
1160,1160000,3.6,0.06
1162,1162000,3.6,0.05
1164,1164000,3.66,0.06
1166,1166000,3.53,0.05
1168,1168000,3.56,0.05
1170,1170000,3.6,0.07
1172,1172000,3.73,0.05
1174,1174000,3.76,0.06
1176,1176000,3.74,0.06
1178,1178000,3.8,0.04
1180,1180000,3.6,0.06
1182,1182000,3.84,0.04
1184,1184000,3.65,0.05
1186,1186000,3.77,0.05
1188,1188000,3.67,0.08
1190,1190000,4.05,0.03
1192,1192000,4.14,0.08
1194,1194000,4.27,0.06
1196,1196000,4.28,0.07
1198,1198000,4.43,0.06
1200,1200000,4.42,0.06
1202,1202000,4.2,0.09
1204,1204000,4.34,0.06
1206,1206000,4.16,0.07
1208,1208000,4.32,0.06
1210,1210000,4.2,0.07
1212,1212000,4.08,0.07
1214,1214000,4.1,0.06
1216,1216000,3.82,0.09
1218,1218000,3.73,0.11
1220,1220000,3.97,0.07
1222,1222000,3.94,0.07
1224,1224000,3.74,0.06
1226,1226000,3.63,0.09
1228,1228000,3.55,0.08
1230,1230000,3.42,0.06
1232,1232000,3.41,0.05
1234,1234000,3.34,0.1
1236,1236000,3.38,0.07
1238,1238000,3.35,0.07
1240,1240000,3.33,0.05
1242,1242000,3.47,0.1
1244,1244000,3.85,0.07
1246,1246000,4.1,0.07
1248,1248000,4.36,0.03
1250,1250000,4.31,0.06
1252,1252000,4.25,0.05
1254,1254000,4.27,0.05
1256,1256000,4.11,0.05
1258,1258000,3.9,0.08
1260,1260000,3.87,0.05
1262,1262000,4.07,0.07
1264,1264000,3.96,0.07
1266,1266000,3.91,0.07
1268,1268000,3.91,0.08
1270,1270000,3.84,0.07
1272,1272000,3.81,0.07
1274,1274000,3.84,0.05
1276,1276000,3.71,0.07
1278,1278000,3.67,0.04
1280,1280000,3.56,0.05
1282,1282000,3.65,0.05
1284,1284000,3.84,0.04
1286,1286000,3.97,0.04
1288,1288000,4.26,0.05
1290,1290000,4.35,0.05
1292,1292000,4.14,0.07
1294,1294000,3.94,0.08
1296,1296000,4.2,0.03
1298,1298000,4.15,0.05
1300,1300000,4.07,0.03
1302,1302000,4.06,0.06
1304,1304000,3.97,0.04
1306,1306000,3.9,0.08
1308,1308000,3.8,0.04
1310,1310000,3.65,0.06
1312,1312000,3.69,0.03
1314,1314000,3.71,0.05
1316,1316000,3.59,0.05
1318,1318000,3.73,0.06
1320,1320000,3.95,0.03
1322,1322000,3.94,0.05
1324,1324000,3.99,0.06
1326,1326000,4,0.06
1328,1328000,4.09,0.07
1330,1330000,4.06,0.07
1332,1332000,4.02,0.07
1334,1334000,4.19,0.07
1336,1336000,4.19,0.05
1338,1338000,4.1,0.08
1340,1340000,4.19,0.05
1342,1342000,4.07,0.07
1344,1344000,3.88,0.08
1346,1346000,3.86,0.07
1348,1348000,3.67,0.08
1350,1350000,3.59,0.06
1352,1352000,3.49,0.06
1354,1354000,3.41,0.06
1356,1356000,3.5,0.05
1358,1358000,3.55,0.05
1360,1360000,3.63,0.07
1362,1362000,3.8,0.06
1364,1364000,3.98,0.08
1366,1366000,3.99,0.07
1368,1368000,4.2,0.04
1370,1370000,4.04,0.06
1372,1372000,4.26,0.04
1374,1374000,4.21,0.05
1376,1376000,4.08,0.06
1378,1378000,4.2,0.08
1380,1380000,4.05,0.06
1382,1382000,3.96,0.06
1384,1384000,3.82,0.05
1386,1386000,3.72,0.08
1388,1388000,3.61,0.07
1390,1390000,3.73,0.06
1392,1392000,3.59,0.04
1394,1394000,3.7,0.11
1396,1396000,3.54,0.04
1398,1398000,3.49,0.05
1400,1400000,3.56,0.08
1402,1402000,3.63,0.05
1404,1404000,3.74,0.08
1406,1406000,3.97,0.06
1408,1408000,3.97,0.12
1410,1410000,4.2,0.07
1412,1412000,4.4,0.08
1414,1414000,4.22,0.08
1416,1416000,3.96,0.12
1418,1418000,3.84,0.07
1420,1420000,3.96,0.06
1422,1422000,3.83,0.09
1424,1424000,3.72,0.07
1426,1426000,3.72,0.06
1428,1428000,3.61,0.06
1430,1430000,3.52,0.05
1432,1432000,3.38,0.05
1434,1434000,3.38,0.06
1436,1436000,3.24,0.09
1438,1438000,3.24,0.07
1440,1440000,3.28,0.07
1442,1442000,3.34,0.04
1444,1444000,3.33,0.05
1446,1446000,3.36,0.05
1448,1448000,3.35,0.06
1450,1450000,3.49,0.06
1452,1452000,3.8,0.13
1454,1454000,4.2,0.13
1456,1456000,4.31,0.07
1458,1458000,4.24,0.06
1460,1460000,4.1,0.08
1462,1462000,4.07,0.06
1464,1464000,4.22,0.09
1466,1466000,3.99,0.09
1468,1468000,3.87,0.13
1470,1470000,3.62,0.07
1472,1472000,3.45,0.07
1474,1474000,3.38,0.08
1476,1476000,3.31,0.08
1478,1478000,3.42,0.07
1480,1480000,3.39,0.08
1482,1482000,3.44,0.07
1484,1484000,3.57,0.1
1486,1486000,3.42,0.05
1488,1488000,3.42,0.05
1490,1490000,3.51,0.05
1492,1492000,3.77,0.1
1494,1494000,4.05,0.09
1496,1496000,4.36,0.05
1498,1498000,4.24,0.07
1500,1500000,4.21,0
1502.5,1502500,4.29,0.06
1505,1505000,4.16,0.1
1507.5,1507500,4.15,0.06
1510,1510000,4.02,0.06
1512.5,1512500,3.74,0.08
1515,1515000,3.69,0.08
1517.5,1517500,3.79,0.11
1520,1520000,3.64,0.07
1522.5,1522500,3.67,0.05
1525,1525000,3.7,0.07
1527.5,1527500,3.89,0.08
1530,1530000,3.96,0.07
1532.5,1532500,4.2,0.11
1535,1535000,4.41,0.09
1537.5,1537500,4.35,0.07
1540,1540000,4.38,0.07
1542.5,1542500,4.3,0.06
1545,1545000,4.07,0.06
1547.5,1547500,3.97,0.05
1550,1550000,3.82,0.08
1552.5,1552500,3.68,0.07
1555,1555000,3.72,0.08
1557.5,1557500,3.79,0.06
1560,1560000,3.76,0.05
1562.5,1562500,3.58,0.06
1565,1565000,3.56,0.05
1567.5,1567500,3.73,0.05
1570,1570000,3.85,0.07
1572.5,1572500,4.17,0.05
1575,1575000,4.24,0.06
1577.5,1577500,4.18,0.07
1580,1580000,3.99,0.07
1582.5,1582500,3.99,0.07
1585,1585000,3.8,0.1
1587.5,1587500,3.66,0.07
1590,1590000,3.72,0.04
1592.5,1592500,3.86,0.07
1595,1595000,3.71,0.05
1597.5,1597500,3.61,0.04
1600,1600000,3.53,0.06
1602.5,1602500,3.37,0.04
1605,1605000,3.55,0.05
1607.5,1607500,3.66,0.08
1610,1610000,3.66,0.07
1612.5,1612500,3.88,0.05
1615,1615000,3.84,0.06
1617.5,1617500,3.9,0.05
1620,1620000,3.65,0.05
1622.5,1622500,3.68,0.05
1625,1625000,3.76,0.04
1627.5,1627500,4.01,0.07
1630,1630000,3.55,0.06
1632.5,1632500,3.57,0.07
1635,1635000,3.56,0.07
1637.5,1637500,3.6,0.08
1640,1640000,3.68,0.08
1642.5,1642500,3.88,0.06
1645,1645000,4.05,0.07
1647.5,1647500,4.17,0.08
1650,1650000,4.18,0.06
1652.5,1652500,4.25,0.06
1655,1655000,4.28,0.06
1657.5,1657500,4.11,0.06
1660,1660000,4.13,0.06
1662.5,1662500,4.08,0.07
1665,1665000,4.13,0.06
1667.5,1667500,3.91,0.06
1670,1670000,3.88,0.08
1672.5,1672500,3.86,0.06
1675,1675000,3.55,0.08
1677.5,1677500,3.72,0.05
1680,1680000,3.65,0.06
1682.5,1682500,3.57,0.07
1685,1685000,3.59,0.05
1687.5,1687500,3.74,0.05
1690,1690000,3.72,0.06
1692.5,1692500,3.75,0.06
1695,1695000,3.82,0.05
1697.5,1697500,3.77,0.09
1700,1700000,4.09,0.06
1702.5,1702500,4.15,0.06
1705,1705000,4.12,0.07
1707.5,1707500,4.17,0.06
1710,1710000,3.93,0.06
1712.5,1712500,3.86,0.07
1715,1715000,3.83,0.06
1717.5,1717500,3.57,0.06
1720,1720000,3.52,0.06
1722.5,1722500,3.72,0.07
1725,1725000,3.79,0.07
1727.5,1727500,3.8,0.07
1730,1730000,3.74,0.1
1732.5,1732500,3.86,0.08
1735,1735000,3.6,0.07
1737.5,1737500,3.6,0.06
1740,1740000,3.71,0.08
1742.5,1742500,3.69,0.1
1745,1745000,4.13,0.07
1747.5,1747500,4.21,0.08
1750,1750000,4.16,0.05
1752.5,1752500,3.85,0.07
1755,1755000,3.74,0.04
1757.5,1757500,3.83,0.08
1760,1760000,3.53,0.09
1762.5,1762500,3.63,0.08
1765,1765000,3.49,0.08
1767.5,1767500,3.52,0.08
1770,1770000,3.48,0.06
1772.5,1772500,3.38,0.08
1775,1775000,3.53,0.06
1777.5,1777500,3.57,0.05
1780,1780000,3.65,0.06
1782.5,1782500,3.8,0.09
1785,1785000,3.77,0.07
1787.5,1787500,3.85,0.07
1790,1790000,3.99,0.08
1792.5,1792500,4.06,0.06
1795,1795000,4.09,0.05
1797.5,1797500,3.89,0.1
1800,1800000,3.95,0.04
1802.5,1802500,3.8,0.05
1805,1805000,3.68,0.04
1807.5,1807500,3.66,0.07
1810,1810000,3.52,0.06
1812.5,1812500,3.68,0.06
1815,1815000,3.61,0.06
1817.5,1817500,3.98,0.06
1820,1820000,3.82,0.08
1822.5,1822500,3.73,0.08
1825,1825000,3.72,0.07
1827.5,1827500,3.65,0.04
1830,1830000,3.42,0.08
1832.5,1832500,3.63,0.07
1835,1835000,3.68,0.07
1837.5,1837500,3.57,0.06
1840,1840000,3.57,0.06
1842.5,1842500,3.57,0.1
1845,1845000,3.61,0.1
1847.5,1847500,3.8,0.08
1850,1850000,3.62,0.11
1852.5,1852500,3.61,0.06
1855,1855000,3.56,0.07
1857.5,1857500,3.64,0.07
1860,1860000,3.89,0.05
1862.5,1862500,4.19,0.06
1865,1865000,4.16,0.07
1867.5,1867500,3.97,0.06
1870,1870000,3.95,0.11
1872.5,1872500,3.83,0.09
1875,1875000,3.84,0.07
1877.5,1877500,3.73,0.11
1880,1880000,3.77,0.09
1882.5,1882500,3.69,0.06
1885,1885000,3.75,0.05
1887.5,1887500,3.59,0.06
1890,1890000,3.68,0.06
1892.5,1892500,3.61,0.05
1895,1895000,3.74,0.07
1897.5,1897500,3.69,0.08
1900,1900000,4.02,0.05
1902.5,1902500,3.93,0.12
1905,1905000,4.01,0.06
1907.5,1907500,3.83,0.09
1910,1910000,3.81,0.11
1912.5,1912500,3.81,0.07
1915,1915000,3.7,0.06
1917.5,1917500,3.64,0.07
1920,1920000,3.7,0.06
1922.5,1922500,3.65,0.08
1925,1925000,3.5,0.07
1927.5,1927500,3.48,0.09
1930,1930000,3.51,0.08
1932.5,1932500,3.45,0.09
1935,1935000,3.52,0.05
1937.5,1937500,3.58,0.09
1940,1940000,3.51,0.08
1942.5,1942500,4.02,0.05
1945,1945000,4.03,0.1
1947.5,1947500,4.17,0.07
1950,1950000,4.1,0.07
1952.5,1952500,4.02,0.06
1955,1955000,3.89,0.07
1957.5,1957500,3.77,0.11
1960,1960000,3.86,0.09
1962.5,1962500,3.9,0.05
1965,1965000,3.74,0.07
1967.5,1967500,3.61,0.1
1970,1970000,3.75,0.07
1972.5,1972500,3.5,0.07
1975,1975000,3.55,0.06
1977.5,1977500,3.45,0.04
1980,1980000,3.33,0.04
1982.5,1982500,3.38,0.07
1985,1985000,3.36,0.07
1987.5,1987500,3.52,0.07
1990,1990000,3.65,0.08
1992.5,1992500,3.68,0.1
1995,1995000,3.58,0.09
1997.5,1997500,3.69,0.08
2000,2000000,3.85,0.06
2002.5,2002500,3.81,0.09
2005,2005000,3.92,0.07
2007.5,2007500,3.89,0.07
2010,2010000,3.55,0.06
2012.5,2012500,3.63,0.09
2015,2015000,3.81,0.08
2017.5,2017500,3.54,0.07
2020,2020000,3.57,0.07
2022.5,2022500,3.46,0.08
2025,2025000,3.24,0.07
2027.5,2027500,3.44,0.07
2030,2030000,3.34,0.08
2032.5,2032500,3.36,0.06
2035,2035000,3.56,0.05
2037.5,2037500,3.63,0.07
2040,2040000,3.67,0.06
2042.5,2042500,3.62,0.07
2045,2045000,3.92,0.07
2047.5,2047500,3.78,0.07
2050,2050000,3.71,0.08
2052.5,2052500,3.62,0.09
2055,2055000,3.6,0.06
2057.5,2057500,3.72,0.08
2060,2060000,3.74,0.08
2062.5,2062500,3.88,0.05
2065,2065000,4.18,0.07
2067.5,2067500,4.18,0.06
2070,2070000,4.21,0.07
2072.5,2072500,4.28,0.05
2075,2075000,4.16,0.06
2077.5,2077500,4.15,0.05
2080,2080000,3.96,0.06
2082.5,2082500,3.99,0.09
2085,2085000,3.85,0.07
2087.5,2087500,3.88,0.08
2090,2090000,3.7,0.07
2092.5,2092500,3.63,0.06
2095,2095000,3.49,0.07
2097.5,2097500,3.46,0.07
2100,2100000,3.44,0.1
2102.5,2102500,3.55,0.07
2105,2105000,3.66,0.07
2107.5,2107500,3.63,0.08
2110,2110000,3.51,0.06
2112.5,2112500,3.5,0.06
2115,2115000,3.5,0.1
2117.5,2117500,3.72,0.08
2120,2120000,3.68,0.1
2122.5,2122500,3.68,0.08
2125,2125000,3.5,0.1
2127.5,2127500,3.47,0.09
2130,2130000,3.32,0.09
2132.5,2132500,3.29,0.07
2135,2135000,3.29,0.12
2137.5,2137500,3.34,0.1
2140,2140000,3.23,0.07
2142.5,2142500,3.44,0.07
2145,2145000,3.6,0.07
2147.5,2147500,4,0.06
2150,2150000,4.15,0.06
2152.5,2152500,4.22,0.07
2155,2155000,4.23,0.06
2157.5,2157500,4.1,0.05
2160,2160000,4.15,0.06
2162.5,2162500,3.94,0.07
2165,2165000,3.88,0.04
2167.5,2167500,3.77,0.06
2170,2170000,3.69,0.03
2172.5,2172500,3.67,0.07
2175,2175000,3.56,0.06
2177.5,2177500,3.5,0.05
2180,2180000,3.36,0.08
2182.5,2182500,3.41,0.08
2185,2185000,3.42,0.04
2187.5,2187500,3.38,0.09
2190,2190000,3.56,0.05
2192.5,2192500,3.68,0.05
2195,2195000,3.77,0.07
2197.5,2197500,3.83,0.05
2200,2200000,3.86,0.07
2202.5,2202500,3.83,0.06
2205,2205000,3.74,0.05
2207.5,2207500,3.6,0.06
2210,2210000,3.59,0.05
2212.5,2212500,3.46,0.06
2215,2215000,3.59,0.06
2217.5,2217500,3.61,0.06
2220,2220000,3.57,0.05
2222.5,2222500,3.49,0.04
2225,2225000,3.39,0.04
2227.5,2227500,3.42,0.04
2230,2230000,3.46,0.06
2232.5,2232500,3.49,0.06
2235,2235000,3.56,0.07
2237.5,2237500,3.8,0.05
2240,2240000,4.01,0.07
2242.5,2242500,3.87,0.06
2245,2245000,3.8,0.06
2247.5,2247500,3.72,0.05
2250,2250000,3.61,0.06
2252.5,2252500,3.45,0.09
2255,2255000,3.39,0.06
2257.5,2257500,3.32,0.07
2260,2260000,3.21,0.08
2262.5,2262500,3.3,0.06
2265,2265000,3.45,0.1
2267.5,2267500,3.37,0.12
2270,2270000,3.48,0.06
2272.5,2272500,3.5,0.05
2275,2275000,3.87,0.07
2277.5,2277500,3.8,0.05
2280,2280000,3.84,0.04
2282.5,2282500,3.91,0.09
2285,2285000,3.8,0.05
2287.5,2287500,3.69,0.08
2290,2290000,3.68,0.05
2292.5,2292500,3.46,0.08
2295,2295000,3.45,0.06
2297.5,2297500,3.27,0.07
2300,2300000,3.28,0.11
2302.5,2302500,3.36,0.07
2305,2305000,3.35,0.06
2307.5,2307500,3.43,0.08
2310,2310000,3.61,0.04
2312.5,2312500,3.7,0.06
2315,2315000,3.74,0.08
2317.5,2317500,3.75,0.07
2320,2320000,3.76,0.04
2322.5,2322500,3.6,0.08
2325,2325000,3.52,0.04
2327.5,2327500,3.64,0.06
2330,2330000,3.64,0.07
2332.5,2332500,3.52,0.08
2335,2335000,3.39,0.07
2337.5,2337500,3.29,0.06
2340,2340000,3.2,0.09
2342.5,2342500,3.33,0.07
2345,2345000,3.37,0.06
2347.5,2347500,3.25,0.07
2350,2350000,3.58,0.06
2352.5,2352500,3.72,0.05
2355,2355000,3.8,0.05
2357.5,2357500,3.96,0.06
2360,2360000,3.92,0.03
2362.5,2362500,3.76,0.05
2365,2365000,3.87,0.04
2367.5,2367500,3.63,0.07
2370,2370000,3.72,0.05
2372.5,2372500,3.63,0.07
2375,2375000,3.39,0.07
2377.5,2377500,3.38,0.06
2380,2380000,3.37,0.05
2382.5,2382500,3.24,0.1
2385,2385000,3.33,0.07
2387.5,2387500,3.48,0.06
2390,2390000,3.54,0.08
2392.5,2392500,3.6,0.08
2395,2395000,3.41,0.09
2397.5,2397500,3.46,0.07
2400,2400000,3.48,0.09
2402.5,2402500,3.67,0.07
2405,2405000,3.69,0.07
2407.5,2407500,3.41,0.07
2410,2410000,3.29,0.08
2412.5,2412500,3.37,0.06
2415,2415000,3.37,0.06
2417.5,2417500,3.33,0.06
2420,2420000,3.35,0.07
2422.5,2422500,3.53,0.06
2425,2425000,3.49,0.08
2427.5,2427500,3.66,0.05
2430,2430000,3.93,0.06
2432.5,2432500,4.17,0.06
2435,2435000,4.09,0.06
2437.5,2437500,4.14,0.05
2440,2440000,4.01,0.04
2442.5,2442500,4,0.07
2445,2445000,3.95,0.07
2447.5,2447500,3.91,0.06
2450,2450000,3.73,0.06
2452.5,2452500,3.69,0.05
2455,2455000,3.45,0.05
2457.5,2457500,3.39,0.05
2460,2460000,3.39,0.06
2462.5,2462500,3.21,0.07
2465,2465000,3.25,0.06
2467.5,2467500,3.31,0.06
2470,2470000,3.32,0.06
2472.5,2472500,3.43,0.07
2475,2475000,3.57,0.08
2477.5,2477500,3.7,0.07
2480,2480000,3.7,0.05
2482.5,2482500,3.96,0.05
2485,2485000,3.99,0.1
2487.5,2487500,4.16,0.06
2490,2490000,3.83,0.08
2492.5,2492500,3.65,0.09
2495,2495000,3.62,0.05
2497.5,2497500,3.43,0.06
2500,2500000,3.18,0.08
2502.5,2502500,3.35,0.05
2505,2505000,3.48,0.05
2507.5,2507500,3.42,0.06
2510,2510000,3.65,0.05
2512.5,2512500,3.76,0.09
2515,2515000,3.89,0.07
2517.5,2517500,4.12,0.07
2520,2520000,4.13,0.07
2522.5,2522500,4.06,0.06
2525,2525000,4.13,0.03
2527.5,2527500,4.03,0.04
2530,2530000,3.89,0.06
2532.5,2532500,3.93,0.04
2535,2535000,3.73,0.09
2537.5,2537500,3.74,0.05
2540,2540000,3.63,0.07
2542.5,2542500,3.35,0.08
2545,2545000,3.27,0.06
2547.5,2547500,3.18,0.07
2550,2550000,3.21,0.06
2552.5,2552500,3.28,0.08
2555,2555000,3.43,0.06
2557.5,2557500,3.39,0.07
2560,2560000,3.37,0.06
2562.5,2562500,3.38,0.07
2565,2565000,3.63,0.05
2567.5,2567500,3.53,0.06
2570,2570000,3.47,0.05
2572.5,2572500,3.47,0.06
2575,2575000,3.41,0.07
2577.5,2577500,3.32,0.06
2580,2580000,3.23,0.05
2582.5,2582500,3.26,0.05
2585,2585000,3.16,0.08
2587.5,2587500,3.27,0.07
2590,2590000,3.43,0.06
2592.5,2592500,3.45,0.07
2595,2595000,3.47,0.05
2597.5,2597500,3.74,0.05
2600,2600000,3.9,0.05
2602.5,2602500,3.86,0.06
2605,2605000,3.81,0.06
2607.5,2607500,3.85,0.05
2610,2610000,3.62,0.07
2612.5,2612500,3.64,0.05
2615,2615000,3.44,0.08
2617.5,2617500,3.45,0.07
2620,2620000,3.27,0.05
2622.5,2622500,3.24,0.05
2625,2625000,3.31,0.08
2627.5,2627500,3.26,0.08
2630,2630000,3.23,0.06
2632.5,2632500,3.44,0.05
2635,2635000,3.45,0.07
2637.5,2637500,3.48,0.06
2640,2640000,3.66,0.04
2642.5,2642500,3.72,0.05
2645,2645000,3.84,0.06
2647.5,2647500,3.69,0.05
2650,2650000,3.51,0.09
2652.5,2652500,3.41,0.06
2655,2655000,3.35,0.07
2657.5,2657500,3.14,0.09
2660,2660000,3.23,0.08
2662.5,2662500,3.05,0.08
2665,2665000,3.25,0.05
2667.5,2667500,3.24,0.09
2670,2670000,3.19,0.06
2672.5,2672500,3.2,0.07
2675,2675000,3.22,0.08
2677.5,2677500,3.36,0.07
2680,2680000,3.37,0.07
2682.5,2682500,3.54,0.08
2685,2685000,3.68,0.06
2687.5,2687500,3.75,0.03
2690,2690000,3.61,0.06
2692.5,2692500,3.53,0.06
2695,2695000,3.61,0.08
2697.5,2697500,3.57,0.07
2700,2700000,3.61,0.05
2702.5,2702500,3.48,0.07
2705,2705000,3.79,0.04
2707.5,2707500,3.76,0.07
2710,2710000,3.7,0.05
2712.5,2712500,3.76,0.06
2715,2715000,3.87,0.04
2717.5,2717500,3.8,0.05
2720,2720000,3.8,0.06
2722.5,2722500,3.77,0.06
2725,2725000,3.66,0.08
2727.5,2727500,3.61,0.07
2730,2730000,3.47,0.05
2732.5,2732500,3.39,0.05
2735,2735000,3.27,0.06
2737.5,2737500,3.12,0.04
2740,2740000,3.18,0.05
2742.5,2742500,3.04,0.06
2745,2745000,3.15,0.05
2747.5,2747500,3.09,0.04
2750,2750000,3.13,0.05
2752.5,2752500,3.21,0.04
2755,2755000,3.19,0.05
2757.5,2757500,3.16,0.05
2760,2760000,3.27,0.05
2762.5,2762500,3.24,0.04
2765,2765000,3.24,0.05
2767.5,2767500,3.15,0.05
2770,2770000,3.13,0.04
2772.5,2772500,3.28,0.05
2775,2775000,3.31,0.04
2777.5,2777500,3.23,0.05
2780,2780000,3.18,0.05
2782.5,2782500,3.16,0.05
2785,2785000,3.19,0.05
2787.5,2787500,3.24,0.06
2790,2790000,3.21,0.06
2792.5,2792500,3.26,0.05
2795,2795000,3.41,0.07
2797.5,2797500,3.4,0.05
2800,2800000,3.5,0.06
2802.5,2802500,3.74,0.05
2805,2805000,3.78,0.05
2807.5,2807500,3.73,0.06
2810,2810000,3.65,0.07
2812.5,2812500,3.66,0.05
2815,2815000,3.63,0.05
2817.5,2817500,3.45,0.05
2820,2820000,3.38,0.06
2822.5,2822500,3.26,0.05
2825,2825000,3.15,0.08
2827.5,2827500,3.12,0.06
2830,2830000,3.16,0.06
2832.5,2832500,3.11,0.04
2835,2835000,3.17,0.08
2837.5,2837500,3.27,0.08
2840,2840000,3.34,0.05
2842.5,2842500,3.42,0.06
2845,2845000,3.38,0.07
2847.5,2847500,3.5,0.07
2850,2850000,3.4,0.06
2852.5,2852500,3.42,0.05
2855,2855000,3.44,0.06
2857.5,2857500,3.33,0.06
2860,2860000,3.19,0.08
2862.5,2862500,3.25,0.06
2865,2865000,3.37,0.05
2867.5,2867500,3.31,0.06
2870,2870000,3.3,0.09
2872.5,2872500,3.23,0.06
2875,2875000,3.23,0.05
2877.5,2877500,3.47,0.06
2880,2880000,3.48,0.06
2882.5,2882500,3.45,0.04
2885,2885000,3.5,0.08
2887.5,2887500,3.46,0.06
2890,2890000,3.49,0.04
2892.5,2892500,3.34,0.07
2895,2895000,3.29,0.05
2897.5,2897500,3.14,0.05
2900,2900000,3.22,0.06
2902.5,2902500,3.21,0.07
2905,2905000,3.32,0.05
2907.5,2907500,3.28,0.08
2910,2910000,3.27,0.04
2912.5,2912500,3.3,0.05
2915,2915000,3.49,0.08
2917.5,2917500,3.41,0.05
2920,2920000,3.51,0.05
2922.5,2922500,3.5,0.06
2925,2925000,3.5,0.04
2927.5,2927500,3.33,0.09
2930,2930000,3.43,0.1
2932.5,2932500,3.51,0.07
2935,2935000,3.31,0.06
2937.5,2937500,3.18,0.06
2940,2940000,3.09,0.08
2942.5,2942500,2.95,0.07
2945,2945000,2.95,0.04
2947.5,2947500,3.06,0.06
2950,2950000,2.93,0.06
2952.5,2952500,2.92,0.07
2955,2955000,3.16,0.05
2957.5,2957500,3.23,0.06
2960,2960000,3.08,0.08
2962.5,2962500,3.18,0.06
2965,2965000,3.16,0.05
2967.5,2967500,3.35,0.06
2970,2970000,3.3,0.06
2972.5,2972500,3.33,0.04
2975,2975000,3.48,0.06
2977.5,2977500,3.43,0.04
2980,2980000,3.45,0.07
2982.5,2982500,3.26,0.06
2985,2985000,3.07,0.06
2987.5,2987500,3.15,0.06
2990,2990000,3.18,0.07
2992.5,2992500,3.21,0.04
2995,2995000,3.2,0.07
2997.5,2997500,3.22,0.06
3000,3000000,3.36,0
3005,3005000,3.44,0.04
3010,3010000,3.46,0.04
3015,3015000,3.52,0.04
3020,3020000,3.49,0.04
3025,3025000,3.32,0.04
3030,3030000,3.13,0.04
3035,3035000,3.09,0.06
3040,3040000,3.23,0.05
3045,3045000,3.31,0.04
3050,3050000,3.33,0.06
3055,3055000,3.14,0.04
3060,3060000,2.95,0.06
3065,3065000,3.05,0.06
3070,3070000,3.09,0.06
3075,3075000,3.1,0.04
3080,3080000,3.09,0.05
3085,3085000,2.94,0.06
3090,3090000,3.18,0.05
3095,3095000,3.18,0.05
3100,3100000,3.08,0.05
3105,3105000,3.06,0.06
3110,3110000,3.13,0.04
3115,3115000,3.22,0.04
3120,3120000,3.26,0.03
3125,3125000,3.34,0.04
3130,3130000,3.38,0.03
3135,3135000,3.45,0.05
3140,3140000,3.38,0.05
3145,3145000,3.35,0.05
3150,3150000,3.16,0.05
3155,3155000,2.95,0.04
3160,3160000,3.01,0.05
3165,3165000,3.04,0.05
3170,3170000,3.14,0.04
3175,3175000,3.19,0.04
3180,3180000,3.16,0.05
3185,3185000,3.08,0.05
3190,3190000,2.95,0.05
3195,3195000,3.09,0.04
3200,3200000,3.02,0.07
3205,3205000,3,0.05
3210,3210000,3.02,0.05
3215,3215000,3.2,0.04
3220,3220000,3.13,0.04
3225,3225000,3.21,0.04
3230,3230000,3.13,0.03
3235,3235000,3.24,0.05
3240,3240000,3.04,0.05
3245,3245000,3.04,0.06
3250,3250000,3.03,0.04
3255,3255000,3.17,0.04
3260,3260000,3.16,0.04
3265,3265000,3.32,0.05
3270,3270000,3.27,0.05
3275,3275000,3.33,0.05
3280,3280000,3.26,0.04
3285,3285000,3.4,0.04
3290,3290000,3.65,0.04
3295,3295000,3.74,0.04
3300,3300000,3.71,0.03
3305,3305000,3.42,0.04
3310,3310000,3.37,0.05
3315,3315000,3.22,0.05
3320,3320000,3.1,0.04
3325,3325000,3.2,0.05
3330,3330000,3.21,0.05
3335,3335000,3.25,0.04
3340,3340000,3.41,0.04
3345,3345000,3.31,0.04
3350,3350000,3.18,0.04
3355,3355000,3.22,0.05
3360,3360000,3.17,0.04
3365,3365000,3.11,0.03
3370,3370000,3.15,0.04
3375,3375000,3.35,0.03
3380,3380000,3.35,0.03
3385,3385000,3.25,0.04
3390,3390000,3.16,0.05
3395,3395000,3.08,0.04
3400,3400000,3.13,0.04
3405,3405000,3.14,0.04
3410,3410000,3.08,0.05
3415,3415000,2.99,0.05
3420,3420000,3.1,0.05
3425,3425000,3.2,0.05
3430,3430000,3.11,0.04
3435,3435000,2.9,0.04
3440,3440000,2.9,0.03
3445,3445000,3.04,0.03
3450,3450000,3.12,0.03
3455,3455000,3.03,0.04
3460,3460000,3.07,0.06
3465,3465000,3.23,0.05
3470,3470000,3.09,0.04
3475,3475000,2.92,0.04
3480,3480000,2.89,0.05
3485,3485000,3,0.04
3490,3490000,2.98,0.04
3495,3495000,3.06,0.04
3500,3500000,2.93,0.05
3505,3505000,2.95,0.05
3510,3510000,2.97,0.06
3515,3515000,3.04,0.05
3520,3520000,3.11,0.04
3525,3525000,3.18,0.05
3530,3530000,3.14,0.04
3535,3535000,3.01,0.04
3540,3540000,2.92,0.04
3545,3545000,3.01,0.03
3550,3550000,3.11,0.04
3555,3555000,3.12,0.03
3560,3560000,3.14,0.03
3565,3565000,3.05,0.04
3570,3570000,2.89,0.04
3575,3575000,2.94,0.04
3580,3580000,3.18,0.03
3585,3585000,3.16,0.03
3590,3590000,3.15,0.05
3595,3595000,2.99,0.06
3600,3600000,3,0.04
3605,3605000,3.09,0.05
3610,3610000,2.93,0.04
3615,3615000,3.04,0.04
3620,3620000,3.2,0.05
3625,3625000,3.33,0.04
3630,3630000,3.41,0.04
3635,3635000,3.29,0.04
3640,3640000,3.05,0.05
3645,3645000,2.98,0.04
3650,3650000,2.96,0.03
3655,3655000,3.14,0.04
3660,3660000,3.18,0.05
3665,3665000,3.4,0.03
3670,3670000,3.45,0.03
3675,3675000,3.21,0.04
3680,3680000,3.05,0.03
3685,3685000,2.98,0.04
3690,3690000,2.92,0.04
3695,3695000,3.02,0.04
3700,3700000,3.05,0.05
3705,3705000,3.1,0.04
3710,3710000,3.28,0.05
3715,3715000,3.29,0.04
3720,3720000,2.97,0.04
3725,3725000,2.83,0.06
3730,3730000,3,0.04
3735,3735000,2.93,0.04
3740,3740000,2.96,0.04
3745,3745000,3.2,0.05
3750,3750000,3.08,0.05
3755,3755000,2.98,0.05
3760,3760000,2.93,0.04
3765,3765000,2.89,0.03
3770,3770000,3.09,0.03
3775,3775000,3.08,0.04
3780,3780000,3.05,0.04
3785,3785000,2.97,0.04
3790,3790000,3.06,0.06
3795,3795000,3.21,0.07
3800,3800000,3,0.06
3805,3805000,3.1,0.05
3810,3810000,3.05,0.04
3815,3815000,3,0.06
3820,3820000,2.99,0.05
3825,3825000,3.22,0.04
3830,3830000,3.26,0.04
3835,3835000,3.05,0.04
3840,3840000,2.86,0.04
3845,3845000,2.88,0.05
3850,3850000,2.9,0.05
3855,3855000,2.89,0.05
3860,3860000,2.89,0.04
3865,3865000,3.17,0.05
3870,3870000,3.16,0.05
3875,3875000,3.25,0.04
3880,3880000,3.01,0.06
3885,3885000,2.95,0.04
3890,3890000,2.89,0.04
3895,3895000,3.06,0.04
3900,3900000,2.92,0.04
3905,3905000,2.92,0.03
3910,3910000,2.87,0.03
3915,3915000,3.07,0.04
3920,3920000,3.08,0.03
3925,3925000,2.91,0.04
3930,3930000,2.89,0.04
3935,3935000,2.83,0.05
3940,3940000,2.97,0.05
3945,3945000,3.04,0.03
3950,3950000,3.02,0.04
3955,3955000,2.9,0.06
3960,3960000,2.89,0.05
3965,3965000,2.94,0.04
3970,3970000,3.01,0.05
3975,3975000,3.01,0.06
3980,3980000,3.06,0.05
3985,3985000,3.06,0.08
3990,3990000,3.24,0.06
3995,3995000,3.3,0.04
4000,4000000,3.23,0.05
4005,4005000,3.16,0.06
4010,4010000,2.96,0.06
4015,4015000,2.95,0.05
4020,4020000,3.07,0.05
4025,4025000,3.02,0.04
4030,4030000,3.12,0.04
4035,4035000,3.17,0.05
4040,4040000,3.2,0.05
4045,4045000,3.16,0.04
4050,4050000,3.06,0.04
4055,4055000,3.06,0.06
4060,4060000,3.1,0.04
4065,4065000,3.01,0.04
4070,4070000,3.08,0.05
4075,4075000,3.02,0.07
4080,4080000,3.01,0.04
4085,4085000,3.03,0.06
4090,4090000,3.07,0.04
4095,4095000,3.07,0.05
4100,4100000,2.87,0.05
4105,4105000,2.88,0.05
4110,4110000,2.87,0.04
4115,4115000,2.91,0.04
4120,4120000,2.94,0.04
4125,4125000,3,0.05
4130,4130000,2.82,0.03
4135,4135000,2.98,0.04
4140,4140000,2.92,0.04
4145,4145000,2.98,0.04
4150,4150000,3.11,0.05
4155,4155000,3.16,0.06
4160,4160000,3.11,0.05
4165,4165000,3,0.05
4170,4170000,3.06,0.09
4175,4175000,2.99,0.05
4180,4180000,2.87,0.09
4185,4185000,2.86,0.04
4190,4190000,2.95,0.06
4195,4195000,3.04,0.05
4200,4200000,3.11,0.04
4205,4205000,3.04,0.06
4210,4210000,3,0.04
4215,4215000,2.85,0.04
4220,4220000,3,0.04
4225,4225000,2.98,0.05
4230,4230000,2.91,0.04
4235,4235000,3.03,0.04
4240,4240000,3.03,0.04
4245,4245000,3.06,0.04
4250,4250000,2.99,0.03
4255,4255000,3.1,0.08
4260,4260000,2.95,0.06
4265,4265000,2.96,0.04
4270,4270000,2.88,0.09
4275,4275000,3.06,0.07
4280,4280000,2.9,0.04
4285,4285000,2.95,0.06
4290,4290000,3.02,0.04
4295,4295000,3.03,0.05
4300,4300000,3.04,0.05
4305,4305000,2.88,0.04
4310,4310000,2.86,0.05
4315,4315000,2.85,0.05
4320,4320000,2.84,0.06
4325,4325000,2.83,0.05
4330,4330000,3,0.05
4335,4335000,2.85,0.06
4340,4340000,2.73,0.05
4345,4345000,2.87,0.04
4350,4350000,2.84,0.08
4355,4355000,2.89,0.07
4360,4360000,3.03,0.04
4365,4365000,3.07,0.05
4370,4370000,2.95,0.05
4375,4375000,2.89,0.06
4380,4380000,2.98,0.04
4385,4385000,2.76,0.06
4390,4390000,2.83,0.06
4395,4395000,2.94,0.06
4400,4400000,2.99,0.04
4405,4405000,3.08,0.03
4410,4410000,3.03,0.05
4415,4415000,3.13,0.04
4420,4420000,2.97,0.05
4425,4425000,2.94,0.04
4430,4430000,2.88,0.05
4435,4435000,2.92,0.06
4440,4440000,2.88,0.05
4445,4445000,2.9,0.05
4450,4450000,3.03,0.05
4455,4455000,2.95,0.05
4460,4460000,2.85,0.04
4465,4465000,2.85,0.05
4470,4470000,2.87,0.06
4475,4475000,2.86,0.06
4480,4480000,2.95,0.05
4485,4485000,2.92,0.04
4490,4490000,3.1,0.07
4495,4495000,3.1,0.06
4500,4500000,3.12,0.06
4505,4505000,3.07,0.06
4510,4510000,2.93,0.05
4515,4515000,2.99,0.07
4520,4520000,2.79,0.07
4525,4525000,3.01,0.05
4530,4530000,3.04,0.05
4535,4535000,3.09,0.05
4540,4540000,2.87,0.04
4545,4545000,2.81,0.08
4550,4550000,2.88,0.05
4555,4555000,2.9,0.04
4560,4560000,3.02,0.05
4565,4565000,2.93,0.05
4570,4570000,2.98,0.04
4575,4575000,3.16,0.05
4580,4580000,3.11,0.04
4585,4585000,3.1,0.04
4590,4590000,3,0.04
4595,4595000,3,0.03
4600,4600000,2.98,0.04
4605,4605000,3.09,0.04
4610,4610000,3.14,0.06
4615,4615000,3.05,0.05
4620,4620000,3.04,0.05
4625,4625000,3.01,0.04
4630,4630000,3.02,0.06
4635,4635000,2.95,0.05
4640,4640000,2.95,0.06
4645,4645000,2.93,0.05
4650,4650000,3.09,0.05
4655,4655000,3.13,0.06
4660,4660000,2.88,0.05
4665,4665000,2.97,0.06
4670,4670000,2.86,0.05
4675,4675000,2.92,0.06
4680,4680000,2.86,0.06
4685,4685000,3.06,0.07
4690,4690000,3.17,0.05
4695,4695000,3.08,0.04
4700,4700000,3.13,0.04
4705,4705000,2.97,0.05
4710,4710000,2.92,0.06
4715,4715000,3.03,0.04
4720,4720000,2.95,0.06
4725,4725000,3.13,0.04
4730,4730000,3.14,0.05
4735,4735000,3.09,0.04
4740,4740000,2.91,0.04
4745,4745000,2.96,0.04
4750,4750000,3.04,0.04
4755,4755000,2.86,0.07
4760,4760000,2.92,0.05
4765,4765000,3,0.03
4770,4770000,3.2,0.06
4775,4775000,3.17,0.06
4780,4780000,3,0.04
4785,4785000,2.99,0.05
4790,4790000,2.93,0.05
4795,4795000,2.96,0.05
4800,4800000,2.99,0.03
4805,4805000,2.99,0.08
4810,4810000,3.15,0.05
4815,4815000,3.15,0.04
4820,4820000,3.03,0.05
4825,4825000,2.83,0.05
4830,4830000,2.85,0.06
4835,4835000,2.96,0.06
4840,4840000,3.04,0.06
4845,4845000,3.24,0.05
4850,4850000,3.3,0.05
4855,4855000,3.08,0.06
4860,4860000,3.06,0.05
4865,4865000,2.98,0.05
4870,4870000,2.88,0.06
4875,4875000,2.86,0.05
4880,4880000,2.91,0.06
4885,4885000,3.18,0.06
4890,4890000,3.27,0.1
4895,4895000,3.3,0.07
4900,4900000,3.15,0.06
4905,4905000,3.03,0.05
4910,4910000,2.85,0.06
4915,4915000,2.85,0.04
4920,4920000,2.96,0.05
4925,4925000,2.77,0.07
4930,4930000,2.91,0.04
4935,4935000,3.03,0.06
4940,4940000,3.07,0.05
4945,4945000,3.03,0.07
4950,4950000,3.05,0.06
4955,4955000,2.84,0.12
4960,4960000,2.86,0.07
4965,4965000,2.91,0.08
4970,4970000,2.93,0.09
4975,4975000,2.94,0.06
4980,4980000,3.17,0.06
4985,4985000,2.95,0.07
4990,4990000,2.74,0.05
4995,4995000,2.85,0.05
5000,5000000,2.79,0.04
5005,5005000,2.95,0.06
5010,5010000,2.94,0.06
5015,5015000,2.87,0.07
5020,5020000,2.74,0.07
5025,5025000,2.74,0.1
5030,5030000,2.77,0.06
5035,5035000,2.79,0.08
5040,5040000,3.06,0.06
5045,5045000,3.17,0.05
5050,5050000,3.04,0.07
5055,5055000,3.06,0.08
5060,5060000,2.85,0.06
5065,5065000,2.9,0.1
5070,5070000,2.93,0.08
5075,5075000,2.69,0.07
5080,5080000,2.78,0.09
5085,5085000,2.81,0.07
5090,5090000,2.66,0.06
5095,5095000,2.88,0.06
5100,5100000,3,0.11
5105,5105000,3.04,0.05
5110,5110000,2.92,0.04
5115,5115000,2.86,0.07
5120,5120000,2.8,0.08
5125,5125000,2.72,0.02
5130,5130000,2.68,0.06
5135,5135000,2.65,0.08
5140,5140000,2.94,0.07
5145,5145000,2.9,0.05
5150,5150000,2.89,0.09
5155,5155000,2.91,0.07
5160,5160000,2.82,0.13
5165,5165000,2.95,0.05
5170,5170000,3.02,0.09
5175,5175000,3.21,0.1
5180,5180000,3.11,0.08
5185,5185000,3.02,0.08
5190,5190000,3,0.07
5195,5195000,2.82,0.11
5200,5200000,2.86,0.08
5205,5205000,3,0.11
5210,5210000,2.96,0.06
5215,5215000,2.87,0.06
5220,5220000,2.84,0.09
5225,5225000,2.93,0.07
5230,5230000,2.98,0.05
5235,5235000,2.77,0.08
5240,5240000,2.92,0.07
5245,5245000,2.97,0.09
5250,5250000,3.06,0.09
5255,5255000,3.09,0.12
5260,5260000,3.01,0.07
5265,5265000,2.98,0.08
5270,5270000,2.8,0.07
5275,5275000,2.89,0.11
5280,5280000,2.89,0.08
5285,5285000,2.8,0.06
5290,5290000,2.92,0.03
5295,5295000,2.97,0.06
5300,5300000,2.91,0.06
5305,5305000,2.79,0.04
5310,5310000,2.79,0.09
5315,5315000,2.84,0.07
5320,5320000,2.91,0.09